{"cameraMode":{"drawMode":0,"name":"Shaded","section":"Shading Mode"},"sceneLighting":true,"audioPlay":false,"sceneViewState":{"m_AlwaysRefresh":false,"showFog":true,"showSkybox":true,"showFlares":true,"showImageEffects":true,"showParticleSystems":true,"showVisualEffectGraphs":true,"m_FxEnabled":true},"in2DMode":false,"pivot":{"x":7.615344047546387,"y":6.46180534362793,"z":-6.117751121520996},"rotation":{"x":-0.005949667189270258,"y":-0.8860989212989807,"z":0.46335235238075259,"w":-0.011438827030360699},"size":23.034259796142579,"orthographic":false}